N,seed,solver,opt_type,t,status
10,10,scipy.slsqp,NLP,0.011672019958496094,ok
10,10,scipy.cobyla,NLP,0.011945962905883789,ok
10,10,scipy.trust-constr,NLP,0.48993396759033203,ok
10,10,pyomo.ipopt,NLP,0.04396486282348633,ok
10,10,pyomo.cbc,MILP,0.12412095069885254,ok
10,10,pyomo.glpk,MILP,0.049407005310058594,ok
10,10,cvxpy.cbc,MILP,0.10045695304870605,ok
10,10,cvxpy.glpk,MILP,0.01633620262145996,ok
10,10,cvxpy.ecos,MILP,0.02049398422241211,ok
