N,seed,solver,opt_type,t,status
10,18,scipy.slsqp,NLP,0.012920141220092773,8
10,18,scipy.cobyla,NLP,0.010473012924194336,ok
10,18,scipy.trust-constr,NLP,0.7072210311889648,ok
10,18,pyomo.ipopt,NLP,0.034323930740356445,ok
10,18,pyomo.cbc,MILP,0.0901639461517334,ok
10,18,pyomo.glpk,MILP,0.024873018264770508,ok
10,18,cvxpy.cbc,MILP,0.07046294212341309,ok
10,18,cvxpy.glpk,MILP,0.011681795120239258,ok
10,18,cvxpy.ecos,MILP,0.012575149536132812,ok
