N,seed,solver,opt_type,t,status
10,17,scipy.slsqp,NLP,0.0056459903717041016,ok
10,17,scipy.cobyla,NLP,0.00459599494934082,ok
10,17,scipy.trust-constr,NLP,0.19738268852233887,ok
10,17,pyomo.ipopt,NLP,0.0277559757232666,ok
10,17,pyomo.cbc,MILP,0.055558204650878906,ok
10,17,pyomo.glpk,MILP,0.056060075759887695,ok
10,17,cvxpy.cbc,MILP,0.01635599136352539,ok
10,17,cvxpy.glpk,MILP,0.0087738037109375,ok
10,17,cvxpy.ecos,MILP,0.011311054229736328,ok
