N,seed,solver,opt_type,t,status
10,16,scipy.slsqp,NLP,0.0062940120697021484,ok
10,16,scipy.cobyla,NLP,0.004932880401611328,ok
10,16,scipy.trust-constr,NLP,0.24847698211669922,ok
10,16,pyomo.ipopt,NLP,0.02976083755493164,ok
10,16,pyomo.cbc,MILP,0.05797719955444336,ok
10,16,pyomo.glpk,MILP,0.024075984954833984,ok
10,16,cvxpy.cbc,MILP,0.056427001953125,ok
10,16,cvxpy.glpk,MILP,0.00950312614440918,ok
10,16,cvxpy.ecos,MILP,0.011373043060302734,ok
