N,seed,solver,opt_type,t,status
10,12,scipy.slsqp,NLP,0.010574817657470703,ok
10,12,scipy.cobyla,NLP,0.00772404670715332,ok
10,12,scipy.trust-constr,NLP,1.6270341873168945,ok
10,12,pyomo.ipopt,NLP,0.046810150146484375,ok
10,12,pyomo.cbc,MILP,0.10567784309387207,ok
10,12,pyomo.glpk,MILP,0.030806779861450195,ok
10,12,cvxpy.cbc,MILP,0.0716559886932373,ok
10,12,cvxpy.glpk,MILP,0.010732889175415039,ok
10,12,cvxpy.ecos,MILP,0.011235952377319336,ok
