N,seed,solver,opt_type,t,status
10,21,scipy.slsqp,NLP,0.00850677490234375,ok
10,21,scipy.cobyla,NLP,0.0049936771392822266,ok
10,21,scipy.trust-constr,NLP,0.5763678550720215,ok
10,21,pyomo.ipopt,NLP,0.04720616340637207,ok
10,21,pyomo.cbc,MILP,0.08032417297363281,ok
10,21,pyomo.glpk,MILP,0.038330793380737305,ok
10,21,cvxpy.cbc,MILP,0.023720979690551758,ok
10,21,cvxpy.glpk,MILP,0.010988950729370117,ok
10,21,cvxpy.ecos,MILP,0.012778997421264648,ok
