N,seed,solver,opt_type,t,status
10,15,scipy.slsqp,NLP,0.009990215301513672,ok
10,15,scipy.cobyla,NLP,0.006047964096069336,ok
10,15,scipy.trust-constr,NLP,0.8446550369262695,ok
10,15,pyomo.ipopt,NLP,0.031190872192382812,ok
10,15,pyomo.cbc,MILP,0.04938626289367676,ok
10,15,pyomo.glpk,MILP,0.02439403533935547,ok
10,15,cvxpy.cbc,MILP,0.015103816986083984,ok
10,15,cvxpy.glpk,MILP,0.008411169052124023,ok
10,15,cvxpy.ecos,MILP,0.010106086730957031,ok
