N,seed,solver,opt_type,t,status
10,24,scipy.slsqp,NLP,0.003943920135498047,ok
10,24,scipy.cobyla,NLP,0.005439043045043945,ok
10,24,scipy.trust-constr,NLP,0.38209104537963867,ok
10,24,pyomo.ipopt,NLP,0.04805111885070801,ok
10,24,pyomo.cbc,MILP,0.07701992988586426,ok
10,24,pyomo.glpk,MILP,0.03613901138305664,ok
10,24,cvxpy.cbc,MILP,0.018445253372192383,ok
10,24,cvxpy.glpk,MILP,0.013128995895385742,ok
10,24,cvxpy.ecos,MILP,0.018898963928222656,ok
