N,seed,solver,opt_type,t,status
10,11,scipy.slsqp,NLP,0.01007390022277832,ok
10,11,scipy.cobyla,NLP,0.01256108283996582,ok
10,11,scipy.trust-constr,NLP,0.5502719879150391,ok
10,11,pyomo.ipopt,NLP,0.0357060432434082,ok
10,11,pyomo.cbc,MILP,0.05259895324707031,ok
10,11,pyomo.glpk,MILP,0.02401113510131836,ok
10,11,cvxpy.cbc,MILP,0.014893770217895508,ok
10,11,cvxpy.glpk,MILP,0.008671998977661133,ok
10,11,cvxpy.ecos,MILP,0.010247945785522461,ok
