N,seed,solver,opt_type,t,status
10,1,scipy.slsqp,NLP,0.014364957809448242,ok
10,1,scipy.cobyla,NLP,0.021856069564819336,ok
10,1,scipy.trust-constr,NLP,0.1864621639251709,ok
10,1,pyomo.ipopt,NLP,0.02493906021118164,ok
10,1,pyomo.cbc,MILP,0.12536215782165527,ok
10,1,pyomo.glpk,MILP,0.027844905853271484,ok
10,1,cvxpy.cbc,MILP,0.03033900260925293,ok
10,1,cvxpy.glpk,MILP,0.01347804069519043,ok
10,1,cvxpy.ecos,MILP,2.1574819087982178,optimal_inaccurate
