N,seed,solver,opt_type,t,status
10,2,scipy.slsqp,NLP,0.005186796188354492,ok
10,2,scipy.cobyla,NLP,0.006306171417236328,ok
10,2,scipy.trust-constr,NLP,0.6216330528259277,ok
10,2,pyomo.ipopt,NLP,0.040400028228759766,ok
10,2,pyomo.cbc,MILP,0.05979609489440918,ok
10,2,pyomo.glpk,MILP,0.030581951141357422,ok
10,2,cvxpy.cbc,MILP,0.022510766983032227,ok
10,2,cvxpy.glpk,MILP,0.009995222091674805,ok
10,2,cvxpy.ecos,MILP,0.01620197296142578,ok
