N,seed,solver,t,status,opt_type
10,0,scipy.slsqp,0.0064508914947509766,ok,nlp
10,0,scipy.cobyla,0.005307197570800781,ok,nlp
10,0,scipy.trust-constr,0.27938199043273926,ok,nlp
10,0,pyomo.ipopt,0.07457709312438965,ok,nlp
10,0,pyomo.cbc,0.09390711784362793,ok,lp
10,0,pyomo.glpk,0.04381394386291504,ok,lp
10,0,cvxpy.cbc,0.024529218673706055,ok,lp
10,0,cvxpy.glpk,0.012005090713500977,ok,lp
10,0,cvxpy.ecos,0.014048099517822266,ok,lp
