N,seed,solver,opt_type,t,status
10,14,scipy.slsqp,NLP,0.021776199340820312,ok
10,14,scipy.cobyla,NLP,0.013861656188964844,ok
10,14,scipy.trust-constr,NLP,0.7640860080718994,ok
10,14,pyomo.ipopt,NLP,0.030269861221313477,ok
10,14,pyomo.cbc,MILP,0.06517910957336426,ok
10,14,pyomo.glpk,MILP,0.024818897247314453,ok
10,14,cvxpy.cbc,MILP,0.05455303192138672,ok
10,14,cvxpy.glpk,MILP,0.009382963180541992,ok
10,14,cvxpy.ecos,MILP,0.010857820510864258,ok
