N,seed,solver,opt_type,t,status
10,0,scipy.slsqp,NLP,0.008595943450927734,ok
10,0,scipy.cobyla,NLP,0.008565187454223633,ok
10,0,scipy.trust-constr,NLP,1.6189281940460205,ok
10,0,pyomo.ipopt,NLP,0.15304183959960938,ok
10,0,pyomo.cbc,MILP,0.11908721923828125,ok
10,0,pyomo.glpk,MILP,0.04889988899230957,ok
10,0,cvxpy.cbc,MILP,0.08036208152770996,ok
10,0,cvxpy.glpk,MILP,0.01815509796142578,ok
10,0,cvxpy.ecos,MILP,0.014821052551269531,ok
