N,seed,solver,opt_type,t,status
10,19,scipy.slsqp,NLP,0.00482487678527832,ok
10,19,scipy.cobyla,NLP,0.005147218704223633,ok
10,19,scipy.trust-constr,NLP,0.6991021633148193,ok
10,19,pyomo.ipopt,NLP,0.03157806396484375,ok
10,19,pyomo.cbc,MILP,0.050269126892089844,ok
10,19,pyomo.glpk,MILP,0.02357006072998047,ok
10,19,cvxpy.cbc,MILP,0.015415668487548828,ok
10,19,cvxpy.glpk,MILP,0.008297204971313477,ok
10,19,cvxpy.ecos,MILP,0.010117292404174805,ok
