N,seed,solver,opt_type,t,status
10,0,scipy.slsqp,NLP,0.0059719085693359375,ok
10,0,scipy.cobyla,NLP,0.006268024444580078,ok
10,0,scipy.trust-constr,NLP,0.27596592903137207,ok
10,0,pyomo.ipopt,NLP,0.0722200870513916,ok
10,0,pyomo.cbc,MILP,0.10322690010070801,ok
10,0,pyomo.glpk,MILP,0.043121337890625,ok
10,0,cvxpy.cbc,MILP,0.02474498748779297,ok
10,0,cvxpy.glpk,MILP,0.012835979461669922,ok
10,0,cvxpy.ecos,MILP,0.014846086502075195,ok
