N,seed,solver,opt_type,t,status
10,23,scipy.slsqp,NLP,0.018517017364501953,ok
10,23,scipy.cobyla,NLP,0.04330325126647949,ok
10,23,scipy.trust-constr,NLP,0.4172790050506592,ok
10,23,pyomo.ipopt,NLP,0.04013490676879883,ok
10,23,pyomo.cbc,MILP,0.08309602737426758,ok
10,23,pyomo.glpk,MILP,0.02481389045715332,ok
10,23,cvxpy.cbc,MILP,0.05534195899963379,ok
10,23,cvxpy.glpk,MILP,0.009546041488647461,ok
10,23,cvxpy.ecos,MILP,2.894085168838501,infeasible_inaccurate
