N,seed,solver,opt_type,t,status
10,0,scipy.slsqp,NLP,0.003926992416381836,ok
10,0,scipy.cobyla,NLP,0.005589008331298828,ok
10,0,scipy.trust-constr,NLP,1.1298279762268066,ok
10,0,pyomo.ipopt,NLP,0.04135274887084961,ok
10,0,pyomo.cbc,MILP,0.05312991142272949,ok
10,0,pyomo.glpk,MILP,0.03274416923522949,ok
10,0,cvxpy.cbc,MILP,0.014455080032348633,ok
10,0,cvxpy.glpk,MILP,0.00941610336303711,ok
10,0,cvxpy.ecos,MILP,0.009864091873168945,ok
