N,seed,solver,opt_type,t,status
10,20,scipy.slsqp,NLP,0.010899066925048828,8
10,20,scipy.cobyla,NLP,0.016358137130737305,ok
10,20,scipy.trust-constr,NLP,0.35205507278442383,ok
10,20,pyomo.ipopt,NLP,0.028126955032348633,ok
10,20,pyomo.cbc,MILP,0.06280970573425293,ok
10,20,pyomo.glpk,MILP,0.02486395835876465,ok
10,20,cvxpy.cbc,MILP,0.01681375503540039,ok
10,20,cvxpy.glpk,MILP,0.010867118835449219,ok
10,20,cvxpy.ecos,MILP,0.012243986129760742,ok
