N,seed,solver,opt_type,t,status
20,19,scipy.slsqp,NLP,0.019179105758666992,ok
20,19,scipy.cobyla,NLP,0.04073977470397949,ok
20,19,scipy.trust-constr,NLP,1.7784099578857422,ok
20,19,pyomo.ipopt,NLP,0.04867196083068848,ok
20,19,pyomo.cbc,MILP,0.12120795249938965,ok
20,19,pyomo.glpk,MILP,0.04351377487182617,ok
20,19,cvxpy.cbc,MILP,0.022967100143432617,ok
20,19,cvxpy.glpk,MILP,0.01170802116394043,ok
20,19,cvxpy.ecos,MILP,0.022668123245239258,ok
