N,seed,solver,opt_type,t,status
20,13,scipy.slsqp,NLP,0.017096996307373047,8
20,13,scipy.cobyla,NLP,0.08284783363342285,2
20,13,scipy.trust-constr,NLP,0.836773157119751,ok
20,13,pyomo.ipopt,NLP,0.06301689147949219,ok
20,13,pyomo.cbc,MILP,0.19391798973083496,ok
20,13,pyomo.glpk,MILP,0.06316995620727539,ok
20,13,cvxpy.cbc,MILP,0.1779618263244629,ok
20,13,cvxpy.glpk,MILP,0.016839027404785156,ok
20,13,cvxpy.ecos,MILP,0.016333818435668945,ok
