N,seed,solver,opt_type,t,status
20,18,scipy.slsqp,NLP,0.03920102119445801,8
20,18,scipy.cobyla,NLP,0.05518198013305664,ok
20,18,scipy.trust-constr,NLP,1.302236795425415,ok
20,18,pyomo.ipopt,NLP,0.05594968795776367,ok
20,18,pyomo.cbc,MILP,0.3979170322418213,ok
20,18,pyomo.glpk,MILP,0.06619501113891602,ok
20,18,cvxpy.cbc,MILP,0.15446019172668457,ok
20,18,cvxpy.glpk,MILP,0.03502488136291504,ok
20,18,cvxpy.ecos,MILP,0.027173995971679688,ok
