N,seed,solver,opt_type,t,status
20,23,scipy.slsqp,NLP,0.019941091537475586,ok
20,23,scipy.cobyla,NLP,0.03244209289550781,ok
20,23,scipy.trust-constr,NLP,1.0127379894256592,ok
20,23,pyomo.ipopt,NLP,0.044583797454833984,ok
20,23,pyomo.cbc,MILP,0.2502169609069824,ok
20,23,pyomo.glpk,MILP,0.044001102447509766,ok
20,23,cvxpy.cbc,MILP,0.11559510231018066,ok
20,23,cvxpy.glpk,MILP,0.0190889835357666,ok
20,23,cvxpy.ecos,MILP,0.01957392692565918,ok
