N,seed,solver,t,status,opt_type
20,16,scipy.slsqp,0.006659984588623047,ok,nlp
20,16,scipy.cobyla,0.01818704605102539,ok,nlp
20,16,scipy.trust-constr,1.0744190216064453,ok,nlp
20,16,pyomo.ipopt,0.03421902656555176,ok,nlp
20,16,pyomo.cbc,0.07207298278808594,ok,lp
20,16,pyomo.glpk,0.04164314270019531,ok,lp
20,16,cvxpy.cbc,0.024739980697631836,ok,lp
20,16,cvxpy.glpk,0.013228178024291992,ok,lp
20,16,cvxpy.ecos,0.023276805877685547,ok,lp
