N,seed,solver,opt_type,t,status
20,22,scipy.slsqp,NLP,0.022487163543701172,ok
20,22,scipy.cobyla,NLP,0.029462814331054688,ok
20,22,scipy.trust-constr,NLP,1.4312472343444824,ok
20,22,pyomo.ipopt,NLP,0.04451727867126465,ok
20,22,pyomo.cbc,MILP,0.15012502670288086,ok
20,22,pyomo.glpk,MILP,0.04475688934326172,ok
20,22,cvxpy.cbc,MILP,0.07908415794372559,ok
20,22,cvxpy.glpk,MILP,0.01651620864868164,ok
20,22,cvxpy.ecos,MILP,0.020267009735107422,ok
