N,seed,solver,opt_type,t,status
20,12,scipy.slsqp,NLP,0.011440038681030273,ok
20,12,scipy.cobyla,NLP,0.02629709243774414,ok
20,12,scipy.trust-constr,NLP,0.8322958946228027,ok
20,12,pyomo.ipopt,NLP,0.0441126823425293,ok
20,12,pyomo.cbc,MILP,0.0748138427734375,ok
20,12,pyomo.glpk,MILP,0.042366981506347656,ok
20,12,cvxpy.cbc,MILP,0.021303892135620117,ok
20,12,cvxpy.glpk,MILP,0.015443086624145508,ok
20,12,cvxpy.ecos,MILP,0.016615867614746094,ok
