N,seed,solver,opt_type,t,status
20,5,scipy.slsqp,NLP,0.013085126876831055,ok
20,5,scipy.cobyla,NLP,0.024122953414916992,ok
20,5,scipy.trust-constr,NLP,1.5007779598236084,ok
20,5,pyomo.ipopt,NLP,0.04395294189453125,ok
20,5,pyomo.cbc,MILP,0.08319616317749023,ok
20,5,pyomo.glpk,MILP,0.047215938568115234,ok
20,5,cvxpy.cbc,MILP,0.024392127990722656,ok
20,5,cvxpy.glpk,MILP,0.010004043579101562,ok
20,5,cvxpy.ecos,MILP,0.015478134155273438,ok
