N,seed,solver,opt_type,t,status
20,14,scipy.slsqp,NLP,0.012869119644165039,ok
20,14,scipy.cobyla,NLP,0.03052997589111328,ok
20,14,scipy.trust-constr,NLP,0.5575158596038818,ok
20,14,pyomo.ipopt,NLP,0.053611040115356445,ok
20,14,pyomo.cbc,MILP,0.08577919006347656,ok
20,14,pyomo.glpk,MILP,0.04089808464050293,ok
20,14,cvxpy.cbc,MILP,0.018951892852783203,ok
20,14,cvxpy.glpk,MILP,0.011081933975219727,ok
20,14,cvxpy.ecos,MILP,0.021249055862426758,ok
