N,seed,solver,opt_type,t,status
20,20,scipy.slsqp,NLP,0.018700838088989258,ok
20,20,scipy.cobyla,NLP,0.03994393348693848,ok
20,20,scipy.trust-constr,NLP,1.5381038188934326,ok
20,20,pyomo.ipopt,NLP,0.04394793510437012,ok
20,20,pyomo.cbc,MILP,0.20781612396240234,ok
20,20,pyomo.glpk,MILP,0.058320045471191406,ok
20,20,cvxpy.cbc,MILP,0.18990802764892578,ok
20,20,cvxpy.glpk,MILP,0.020746946334838867,ok
20,20,cvxpy.ecos,MILP,0.023454904556274414,ok
