N,seed,solver,opt_type,t,status
20,15,scipy.slsqp,NLP,0.013134956359863281,ok
20,15,scipy.cobyla,NLP,0.01813983917236328,ok
20,15,scipy.trust-constr,NLP,1.3957197666168213,ok
20,15,pyomo.ipopt,NLP,0.04264092445373535,ok
20,15,pyomo.cbc,MILP,0.10845708847045898,ok
20,15,pyomo.glpk,MILP,0.03543400764465332,ok
20,15,cvxpy.cbc,MILP,0.05541205406188965,ok
20,15,cvxpy.glpk,MILP,0.010999917984008789,ok
20,15,cvxpy.ecos,MILP,0.019009113311767578,ok
