N,seed,solver,opt_type,t,status
50,20,scipy.slsqp,NLP,0.032121896743774414,ok
50,20,scipy.cobyla,NLP,0.5357930660247803,2
50,20,scipy.trust-constr,NLP,3.639920234680176,ok
50,20,pyomo.ipopt,NLP,0.0483250617980957,ok
50,20,pyomo.cbc,MILP,0.3570411205291748,ok
50,20,pyomo.glpk,MILP,0.08241891860961914,ok
50,20,cvxpy.cbc,MILP,0.11112093925476074,ok
50,20,cvxpy.glpk,MILP,0.0458531379699707,ok
50,20,cvxpy.ecos,MILP,16.78017520904541,infeasible_inaccurate
