N,seed,solver,opt_type,t,status
50,23,scipy.slsqp,NLP,0.09198689460754395,ok
50,23,scipy.cobyla,NLP,0.4732387065887451,2
50,23,scipy.trust-constr,NLP,4.385090112686157,2
50,23,pyomo.ipopt,NLP,0.06000471115112305,ok
50,23,pyomo.cbc,MILP,0.24258995056152344,ok
50,23,pyomo.glpk,MILP,0.06812882423400879,ok
50,23,cvxpy.cbc,MILP,0.07243490219116211,ok
50,23,cvxpy.glpk,MILP,0.019390106201171875,ok
50,23,cvxpy.ecos,MILP,0.03462338447570801,ok
