N,seed,solver,opt_type,t,status
50,15,scipy.slsqp,NLP,0.060127973556518555,ok
50,15,scipy.cobyla,NLP,0.6864581108093262,ok
50,15,scipy.trust-constr,NLP,5.409590005874634,2
50,15,pyomo.ipopt,NLP,0.055253028869628906,ok
50,15,pyomo.cbc,MILP,0.2870290279388428,ok
50,15,pyomo.glpk,MILP,0.06217217445373535,ok
50,15,cvxpy.cbc,MILP,0.07424807548522949,ok
50,15,cvxpy.glpk,MILP,0.023316144943237305,ok
50,15,cvxpy.ecos,MILP,0.043473005294799805,ok
