N,seed,solver,opt_type,t,status
50,18,scipy.slsqp,NLP,0.04154706001281738,ok
50,18,scipy.cobyla,NLP,0.4778788089752197,2
50,18,scipy.trust-constr,NLP,6.882613897323608,2
50,18,pyomo.ipopt,NLP,0.11554312705993652,ok
50,18,pyomo.cbc,MILP,0.38649487495422363,ok
50,18,pyomo.glpk,MILP,0.07660794258117676,ok
50,18,cvxpy.cbc,MILP,0.09354496002197266,ok
50,18,cvxpy.glpk,MILP,0.036161184310913086,ok
50,18,cvxpy.ecos,MILP,0.03945183753967285,ok
