N,seed,solver,opt_type,t,status
50,16,scipy.slsqp,NLP,0.02998805046081543,ok
50,16,scipy.cobyla,NLP,0.4425957202911377,ok
50,16,scipy.trust-constr,NLP,4.864687919616699,2
50,16,pyomo.ipopt,NLP,0.05518507957458496,ok
50,16,pyomo.cbc,MILP,0.10972285270690918,ok
50,16,pyomo.glpk,MILP,0.06080269813537598,ok
50,16,cvxpy.cbc,MILP,0.024235963821411133,ok
50,16,cvxpy.glpk,MILP,0.013365030288696289,ok
50,16,cvxpy.ecos,MILP,0.03178811073303223,ok
