N,seed,solver,opt_type,t,status
50,10,scipy.slsqp,NLP,0.06920814514160156,ok
50,10,scipy.cobyla,NLP,0.39296793937683105,2
50,10,scipy.trust-constr,NLP,6.54160213470459,2
50,10,pyomo.ipopt,NLP,0.08216094970703125,ok
50,10,pyomo.cbc,MILP,0.28532981872558594,ok
50,10,pyomo.glpk,MILP,0.08668327331542969,ok
50,10,cvxpy.cbc,MILP,0.06464600563049316,ok
50,10,cvxpy.glpk,MILP,0.05847311019897461,ok
50,10,cvxpy.ecos,MILP,0.033905029296875,ok
