N,seed,solver,opt_type,t,status
50,24,scipy.slsqp,NLP,0.04908490180969238,ok
50,24,scipy.cobyla,NLP,0.4937782287597656,2
50,24,scipy.trust-constr,NLP,6.858432054519653,2
50,24,pyomo.ipopt,NLP,0.05696368217468262,ok
50,24,pyomo.cbc,MILP,0.11177921295166016,ok
50,24,pyomo.glpk,MILP,0.05977797508239746,ok
50,24,cvxpy.cbc,MILP,0.02400684356689453,ok
50,24,cvxpy.glpk,MILP,0.013341188430786133,ok
50,24,cvxpy.ecos,MILP,0.03012394905090332,ok
