N,seed,solver,opt_type,t,status
50,19,scipy.slsqp,NLP,0.06051802635192871,ok
50,19,scipy.cobyla,NLP,0.3873460292816162,ok
50,19,scipy.trust-constr,NLP,7.258983850479126,ok
50,19,pyomo.ipopt,NLP,0.11821889877319336,ok
50,19,pyomo.cbc,MILP,0.45194482803344727,ok
50,19,pyomo.glpk,MILP,0.0878441333770752,ok
50,19,cvxpy.cbc,MILP,0.11906218528747559,ok
50,19,cvxpy.glpk,MILP,0.046060800552368164,ok
50,19,cvxpy.ecos,MILP,13.274164915084839,optimal_inaccurate
