N,seed,solver,opt_type,t,status
50,22,scipy.slsqp,NLP,0.0734248161315918,ok
50,22,scipy.cobyla,NLP,0.7761578559875488,2
50,22,scipy.trust-constr,NLP,6.334146022796631,ok
50,22,pyomo.ipopt,NLP,0.062489986419677734,ok
50,22,pyomo.cbc,MILP,0.13649773597717285,ok
50,22,pyomo.glpk,MILP,0.06544899940490723,ok
50,22,cvxpy.cbc,MILP,0.02683401107788086,ok
50,22,cvxpy.glpk,MILP,0.013585090637207031,ok
50,22,cvxpy.ecos,MILP,0.03503894805908203,ok
