N,seed,solver,opt_type,t,status
50,13,scipy.slsqp,NLP,0.07247185707092285,8
50,13,scipy.cobyla,NLP,0.6750919818878174,ok
50,13,scipy.trust-constr,NLP,6.959424018859863,2
50,13,pyomo.ipopt,NLP,0.06499099731445312,ok
50,13,pyomo.cbc,MILP,0.46817994117736816,ok
50,13,pyomo.glpk,MILP,0.13654708862304688,ok
50,13,cvxpy.cbc,MILP,0.15328311920166016,ok
50,13,cvxpy.glpk,MILP,0.05642986297607422,ok
50,13,cvxpy.ecos,MILP,0.07512807846069336,ok
