N,seed,solver,opt_type,t,status
50,1,scipy.slsqp,NLP,0.05532693862915039,ok
50,1,scipy.cobyla,NLP,0.49332094192504883,2
50,1,scipy.trust-constr,NLP,6.950060844421387,ok
50,1,pyomo.ipopt,NLP,0.06822800636291504,ok
50,1,pyomo.cbc,MILP,0.42026615142822266,ok
50,1,pyomo.glpk,MILP,0.08890318870544434,ok
50,1,cvxpy.cbc,MILP,0.11646080017089844,ok
50,1,cvxpy.glpk,MILP,0.048480987548828125,ok
50,1,cvxpy.ecos,MILP,16.145079135894775,optimal_inaccurate
