N,seed,solver,opt_type,t,status
50,11,scipy.slsqp,NLP,0.05045819282531738,ok
50,11,scipy.cobyla,NLP,0.38991808891296387,ok
50,11,scipy.trust-constr,NLP,8.051825046539307,2
50,11,pyomo.ipopt,NLP,0.058576345443725586,ok
50,11,pyomo.cbc,MILP,0.1904909610748291,ok
50,11,pyomo.glpk,MILP,0.0682370662689209,ok
50,11,cvxpy.cbc,MILP,0.039179086685180664,ok
50,11,cvxpy.glpk,MILP,0.02059793472290039,ok
50,11,cvxpy.ecos,MILP,0.026683807373046875,ok
